[
  {
    "id": "1a",
    "name": "Olive solid A-Line Dress",
    "price": 999,
    "currency": "In Rupees",
    "delivery": false,
    "thumbnail": "https://assets.myntassets.com/h_1440,q_100,w_1080/v1/assets/images/14216654/2021/6/11/acfed59c-8fe1-4928-98d6-73617066fb991623406320010-DressBerry-Women-Dresses-7691623406319685-1.jpg",
    "inStock": true,
    "categoryId": "abc123"
  },
  {
    "id": "2a",
    "name": "Design Kurta with Trouser",
    "price": 853,
    "currency": "In Rupees",
    "delivery": true,
    "thumbnail": "https://assets.myntassets.com/h_1440,q_100,w_1080/v1/assets/images/11674686/2020/7/10/276c168b-29c6-4da2-b2cb-afe9d5a8ec411594358940300-Ziyaa-Womens-Dark-Pink-Colour-Foil-Print-Straight-Crepe-Kurt-1.jpg",
    "inStock": true,
    "categoryId": "abc123"
  },
  {
    "id": "3a",
    "name": "Black Solid Cotton T-shirt",
    "price": 599,
    "currency": "In Rupees",
    "delivery": true,
    "thumbnail": "https://assets.myntassets.com/h_1440,q_100,w_1080/v1/assets/images/13607132/2021/2/11/119495b1-d60a-4cac-8c18-25082ec72fa21613017627817CottonT-shirt1.jpg",
    "inStock": false,
    "categoryId": "abc123"
  },
  {
    "id": "4a",
    "name": " Printed Basic Jumpsuit",
    "price": 2040,
    "currency": "In Ruppes",
    "delivery": false,
    "thumbnail": "https://assets.myntassets.com/h_1440,q_100,w_1080/v1/assets/images/14207934/2021/4/29/34a29944-ad89-4986-93c6-bdcdb0c44b311619674688638INDYAWomenMaroon1.jpg",
    "inStock": false,
    "categoryId": "abc123"
  },
  {
    "id": "5a",
    "name": "Ribbed Fitted Crop TOp",
    "price": 399,
    "currency": "In Rupees",
    "delivery": false,
    "thumbnail": "https://assets.myntassets.com/h_1440,q_100,w_1080/v1/assets/images/13984188/2021/6/16/19f4db07-3178-4618-8981-b90a4b2a14161623830286080-Roadster-Women-Tops-5821623830285663-1.jpg",
    "inStock": true,
    "categoryId": "abc123"
  },
  {
    "id": "6a",
    "name": "Waterfall Longline Shrug",
    "price": 629,
    "currency": "In Rupees",
    "delivery": false,
    "thumbnail": "https://assets.myntassets.com/h_1440,q_100,w_1080/v1/assets/images/productimage/2019/1/4/4deaf7b4-39fc-4efc-9178-391dca0742c91546587585031-1.jpg",
    "inStock": true,
    "categoryId": "abc123"
  },
  {
    "id": "7b",
    "name": "Navy Blue & Grey Shirt",
    "price": 674,
    "currency": "In Rupees",
    "delivery": false,
    "thumbnail": "https://assets.myntassets.com/h_1440,q_100,w_1080/v1/assets/images/10456354/2019/8/22/d56e75f6-f1a7-4fdd-b430-51befb36f88d1566454760527-Campus-Sutra-Men-Colourblocked-Casual-Spread-Shirt-290156645-1.jpg",
    "inStock": true,
    "categoryId": "def456"
  },
  {
    "id": "8b",
    "name": "Blue Slim Fit Solid Formal Shirt",
    "price": 545,
    "currency": "In Rupees",
    "delivery": false,
    "thumbnail": "https://assets.myntassets.com/h_1440,q_100,w_1080/v1/assets/images/productimage/2019/12/22/72a83c19-7134-4ed5-a0b6-291e19b465701576989344763-1.jpg",
    "inStock": true,
    "categoryId": "def456"
  },
  {
    "id": "9b",
    "name": "Yellow Round Neck T-Shirt",
    "price": 384,
    "currency": "In Rupees",
    "delivery": false,
    "thumbnail": "https://assets.myntassets.com/h_1440,q_100,w_1080/v1/assets/images/1700944/2019/6/8/972c9498-3a37-4d5d-976c-4493b4d5c0021559989322793-HRX-by-Hrithik-Roshan-Men-Yellow-Printed-Round-Neck-T-Shirt--1.jpg",
    "inStock": true,
    "categoryId": "def456"
  },
  {
    "id": "10b",
    "name": "Navy Blue Breasted Formal Suit",
    "price": 6999,
    "currency": "In Rupees",
    "delivery": false,
    "thumbnail": "https://assets.myntassets.com/h_1440,q_100,w_1080/v1/assets/images/13437228/2021/3/23/d1e87c59-74fd-4212-a0a6-81b8f7d5e3431616484380768-Peter-England-Navy-Blue-Neo-Slim-Fit-Single-Breasted-Formal--1.jpg",
    "inStock": true,
    "categoryId": "def456"
  },
  {
    "id": "11b",
    "name": "Blue Colourblocked Sporty Jacket",
    "price": 899,
    "currency": "In Rupees",
    "delivery": false,
    "thumbnail": "https://assets.myntassets.com/h_1440,q_100,w_1080/v1/assets/images/productimage/2021/6/11/9a51840f-3319-4c6c-a206-0179e2e6d72c1623386380043-1.jpg",
    "inStock": true,
    "categoryId": "def456"
  },
  {
    "id": "12b",
    "name": "Grey Hooded Pullover Sweatshirt",
    "price":1749,
    "currency": "In Rupees",
    "delivery": false,
    "thumbnail": "https://assets.myntassets.com/h_1440,q_100,w_1080/v1/assets/images/12720586/2020/12/15/dfd4c997-5a85-4a4f-b3a3-b900affdde681608016986942-GAP-Men-Sweatshirts-2911608016985394-1.jpg",
    "inStock": true,
    "categoryId": "def456"
  },
  {
    "id": "13c",
    "name": "Full Touch Control Smart Watch",
    "price": 27999,
    "currency": "In Rupees",
    "delivery": false,
    "thumbnail": "https://images-eu.ssl-images-amazon.com/images/I/41UD9vNsIjS._SX300_SY300_QL70_FMwebp_.jpg",
    "inStock": true,
    "categoryId": "ghij789"
  },
  {
    "id": "14c",
    "name": "Stand Case Tab Cover",
    "price": 599,
    "currency": "In Rupees",
    "delivery": false,
    "thumbnail": "https://images-eu.ssl-images-amazon.com/images/I/41WS6gBjccL._SX300_SY300_QL70_FMwebp_.jpg",
    "inStock": true,
    "categoryId": "ghij789"
  },
  {
    "id": "15c",
    "name": "Integrated Keyboard Case For iPad",
    "price": 6876,
    "currency": "In Rupees",
    "delivery": false,
    "thumbnail": "https://images-eu.ssl-images-amazon.com/images/I/418gn5bMWDL._SY300_SX300_QL70_FMwebp_.jpg",
    "inStock": true,
    "categoryId": "ghij789"
  },
  {
    "id": "16c",
    "name": "Pen for Touch Screens Devices",
    "price": 399,
    "currency": "In Rupees",
    "delivery": false,
    "thumbnail": "https://images-eu.ssl-images-amazon.com/images/I/31-fX9h82NL._SX300_SY300_QL70_FMwebp_.jpg",
    "inStock": true,
    "categoryId": "ghij789"
  },
  {
    "id": "17c",
    "name": "Android Smart LED TV ",
    "price": 14999,
    "currency": "In Rupees",
    "delivery": false,
    "thumbnail": "https://images-na.ssl-images-amazon.com/images/I/81C3Qe4eigL._SL1500_.jpg",
    "inStock": true,
    "categoryId": "ghij789"
  },
  {
    "id": "18c",
    "name": "Echo Dot Smart Speaker",
    "price": 1500,
    "currency": "In Rupees",
    "delivery": false,
    "thumbnail": "https://images-na.ssl-images-amazon.com/images/I/61WUqJd4dfS._SL1000_.jpg",
    "inStock": true,
    "categoryId": "ghij789"
  },
  {
    "id": "19d",
    "name": "Noise Unisex Fitness Band",
    "price": 1599,
    "currency": "In Rupees",
    "delivery": false,
    "thumbnail": "https://assets.myntassets.com/h_1440,q_90,w_1080/v1/assets/images/10522922/2019/10/17/17e8bc37-920f-41ea-bd4a-921581099fe11571302942576-Noise-Unisex-Black-ColorFit-2-Smart-Fitness-Band-55215713029-1.jpg",
    "inStock": true,
    "categoryId": "jklm012"
  },
  {
    "id": "20d",
    "name": "Men Mustard Yellow Solid Belt",
    "price": 669,
    "currency": "In Rupees",
    "delivery": false,
    "thumbnail": "https://assets.myntassets.com/h_1440,q_90,w_1080/v1/assets/images/14325278/2021/6/12/fb2e108d-e95e-401e-af70-d51f1d4e8bbc1623492326021-Men-Tan-Solid-Belt-with-Denim-Effect-5951623492325840-1.jpg",
    "categoryId": "jklm012"
  },
  {
    "id": "21d",
    "name": "Men Maroon & Grey Accessory Gift Set",
    "price": 2499,
    "currency": "In Rupees",
    "delivery": false,
    "thumbnail": "https://assets.myntassets.com/h_1440,q_90,w_1080/v1/assets/images/productimage/2021/6/2/25fc0411-6afb-4954-93ba-11b3fe32a1851622621819490-1.jpg",
    "inStock": true,
    "categoryId": "jklm012"
  },
  {
    "id": "22d",
    "name": "Unisex Square Sunglasses",
    "price": 879,
    "currency": "In Rupees",
    "delivery": false,
    "thumbnail": "https://assets.myntassets.com/h_1440,q_90,w_1080/v1/assets/images/8366721/2019/4/24/e1a9ba4a-ca10-47df-a7b8-e7a2896dfcb81556102021411-HRX-by-Hrithik-Roshan-Unisex-Sunglasses-8701556102020849-1.jpg",
    "inStock": true,
    "categoryId": "jklm012"
  },{
    "id": "23d",
    "name": "Unisex Blue & White Duffel Bag",
    "price": 419,
    "currency": "In Rupees",
    "delivery": false,
    "thumbnail": "https://assets.myntassets.com/h_1440,q_90,w_1080/v1/assets/images/productimage/2019/11/6/7125cc36-259c-4755-bf04-80746ee526e11573021217164-1.jpg",
    "inStock": true,
    "categoryId": "jklm012"
  },
  {
    "id": "24d",
    "name": "Titan Women Sheer Eau de Parfum 100 ml",
    "price": 1950,
    "currency": "In Rupees",
    "delivery": false,
    "thumbnail": "https://assets.myntassets.com/h_1440,q_90,w_1080/v1/assets/images/11785256/2020/4/6/8aebc421-f1f2-438e-8e08-cf951ad768091586160991216SkinnbyTitanSheerFragranceforWomen100ML1.jpg",
    "inStock": true,
    "categoryId": "jklm012"
  }
]